a,b
riseofthetigers/platform-samples,riseofthetigers
riseofthetigers/conceptnet,riseofthetigers
riseofthetigers/consumer-surveys,riseofthetigers
riseofthetigers/letsencrypt,riseofthetigers
riseofthetigers/addalicense.com,riseofthetigers
riseofthetigers/osd-street-center-line,riseofthetigers
riseofthetigers/https-everywhere,riseofthetigers
riseofthetigers/python-wifitools,riseofthetigers
riseofthetigers/BitForce_SC,riseofthetigers
riseofthetigers/bfgminer,riseofthetigers
riseofthetigers/cgminer,riseofthetigers
riseofthetigers/syllabus,riseofthetigers
riseofthetigers/kubernetes-cluster-manager,riseofthetigers
riseofthetigers/pushserver,riseofthetigers
riseofthetigers/kashif,riseofthetigers
riseofthetigers/foxy,riseofthetigers
riseofthetigers/website,riseofthetigers
riseofthetigers/phalcon-devtools,riseofthetigers
riseofthetigers/B2G,riseofthetigers
riseofthetigers/website-1,riseofthetigers
riseofthetigers/website-2,riseofthetigers
riseofthetigers/api,riseofthetigers
riseofthetigers/meteor-ionic,riseofthetigers
riseofthetigers/tech.post,riseofthetigers
riseofthetigers/techpost,riseofthetigers
riseofthetigers/oauth.net,riseofthetigers
riseofthetigers/kuma,riseofthetigers
riseofthetigers/Google-Voice-PHP-API,riseofthetigers
riseofthetigers/pontoon,riseofthetigers
riseofthetigers/webdev-bootcamp,riseofthetigers
techpub/blog,techpub
techpub/kaldios,techpub
techpub/html5-boilerplate,techpub
techpub/frontend,techpub
techpub/sphinx_rtd_theme,techpub
techpub/sass-mq,techpub
techpub/newww,techpub
techpub/hapi,techpub
techpub/Effeckt.css,techpub
techpub/FetchU,techpub
techpub/gcm-client,techpub
techpub/Emaiby-EmailRuby,techpub
techpub/react-devtools,techpub
techpub/generator-thorax,techpub
techpub/cotainerized,techpub
techpub/react-native-webpack-starter-kit,techpub
techpub/radioShadhin.fm,techpub
techpub/APKRadioShadhin.fm,techpub
techpub/Stream-AUdi,techpub
techpub/Platform.VirtualFileSystem,techpub
techpub/PlatformKit,techpub
techpub/oFee,techpub
techpub/Fickle,techpub
techpub/IdentityServer3.Shaolinq,techpub
techpub/RedLock.net,techpub
techpub/MWPhotoBrowser,techpub
techpub/techpub,techpub
techpub/typify,techpub
techpub/rails,techpub
techpub/Circular,techpub
digidesk-io/digidesk,digidesk-io
digidesk-io/wxp-starter-theme,digidesk-io
digidesk-io/CANBabel,digidesk-io
digidesk-io/skflow,digidesk-io
digidesk-io/hatchjs,digidesk-io
digidesk-io/platformS,digidesk-io
digidesk-io/htaccess,digidesk-io
digidesk-io/docker-ejabberd,digidesk-io
digidesk-io/ajenti,digidesk-io
digidesk-io/Escape-App,digidesk-io
digidesk-io/django-supertools,digidesk-io
digidesk-io/IBM-Ready-App-for-Travel,digidesk-io
digidesk-io/atmosphere-samples,digidesk-io
digidesk-io/buildbot,digidesk-io
digidesk-io/ExplorerCanvas,digidesk-io
digidesk-io/hiera-http,digidesk-io
digidesk-io/ci.maven,digidesk-io
digidesk-io/BlackCatCMS_Core,digidesk-io
digidesk-io/openshift-go-cart,digidesk-io
digidesk-io/docs-7,digidesk-io
digidesk-io/RatticWeb,digidesk-io
digidesk-io/kernel,digidesk-io
digidesk-io/development,digidesk-io
digidesk-io/mbot_nodebots,digidesk-io
digidesk-io/automated-survey-servlets,digidesk-io
digidesk-io/enki,digidesk-io
digidesk-io/blog.github.io,digidesk-io
digidesk-io/mit-license,digidesk-io
digidesk-io/node-prelaunch,digidesk-io
digidesk-io/bridge-js,digidesk-io
digideskweb/eclipse-integration-cloudfoundry,digideskweb
digideskweb/bookbinder,digideskweb
digideskweb/softlayer-python,digideskweb
digideskweb/softlayer-object-storage-python,digideskweb
digideskweb/admin-ui,digideskweb
digideskweb/guardian-release,digideskweb
digideskweb/etcd-release,digideskweb
digideskweb/middleman,digideskweb
digideskweb/digidesk,digideskweb
digideskweb/middleman-i18n,digideskweb
digideskweb/middleman-templates-blog,digideskweb
digideskweb/cloudfoundry.org,digideskweb
digideskweb/WhoisParser,digideskweb
digideskweb/bosh-softlayer-cpi,digideskweb
digideskweb/godep,digideskweb
digideskweb/docs-2,digideskweb
digideskweb/gwt,digideskweb
digideskweb/GWTP,digideskweb
digideskweb/virtualmin-bootstrap-theme,digideskweb
digideskweb/digidocs.github.io,digideskweb
digideskweb/auth,digideskweb
digideskweb/digideskweb.github.io,digideskweb
digideskweb/foundation-apps-template,digideskweb
digideskweb/crabgrass-core,digideskweb
icannwiki/AMKN,icannwiki
icannwiki/hedgehog,icannwiki
icannwiki/hedgehog-1,icannwiki
icannwiki/registry,icannwiki
icannwiki/getdns-python-bindings,icannwiki
icannwiki/lets-encrypt-preview,icannwiki
icannwiki/OpenWireless,icannwiki
icannwiki/gpsbabel,icannwiki
icannwiki/getdns,icannwiki
icannwiki/dnscap,icannwiki
icannwiki/dsc,icannwiki
icannwiki/libzmq,icannwiki
icannwiki/denominator,icannwiki
icannwiki/hiera-http,icannwiki
icannwiki/smaug-tbird-plugin,icannwiki
Schoolforbasics/Schoolforbasics.github.io,Schoolforbasics
Schoolforbasics/FreeCodeCamp,Schoolforbasics
Schoolforbasics/rappor,Schoolforbasics
Schoolforbasics/quickstart-js,Schoolforbasics
Schoolforbasics/pageliner,Schoolforbasics
Schoolforbasics/ws,Schoolforbasics
Schoolforbasics/inbox.js,Schoolforbasics
Schoolforbasics/jekyll-build-server,Schoolforbasics
Schoolforbasics/Diamond,Schoolforbasics
Schoolforbasics/django-leonardo,Schoolforbasics
Schoolforbasics/generator-electron,Schoolforbasics
Schoolforbasics/studentinsights,Schoolforbasics
Schoolforbasics/school,Schoolforbasics
Schoolforbasics/course-outline,Schoolforbasics
Schoolforbasics/shapeless-for-mortals,Schoolforbasics
Schoolforbasics/hackathon-starter,Schoolforbasics
Schoolforbasics/content-1,Schoolforbasics
Schoolforbasics/megaboilerplate,Schoolforbasics
Schoolforbasics/free-programming-books,Schoolforbasics
Schoolforbasics/adi-website,Schoolforbasics
Schoolforbasics/cauldron,Schoolforbasics
Schoolforbasics/organizers,Schoolforbasics
Schoolforbasics/Kakapo,Schoolforbasics
Schoolforbasics/sklearn_pandas_intro,Schoolforbasics
Schoolforbasics/book3-exercises,Schoolforbasics
Schoolforbasics/book1-exercises,Schoolforbasics
Schoolforbasics/phonegap-book,Schoolforbasics
Schoolforbasics/babel-handbook,Schoolforbasics
Schoolforbasics/haskell-learnings,Schoolforbasics
Schoolforbasics/concourse-project,Schoolforbasics
Datafordev/opendata,Datafordev
Datafordev/data-express,Datafordev
Datafordev/js-data-angular-mocks,Datafordev
Datafordev/webpack,Datafordev
Datafordev/chintz-ruby,Datafordev
Datafordev/flight,Datafordev
Datafordev/legal-docs,Datafordev
Datafordev/drafting-platform,Datafordev
Datafordev/Linked-Data-Theatre,Datafordev
Datafordev/fnordmetric,Datafordev
Datafordev/puma,Datafordev
Datafordev/web-animations,Datafordev
Datafordev/ProcessWire,Datafordev
Datafordev/silverstripe-installer,Datafordev
Datafordev/docs,Datafordev
Datafordev/silverstripe-framework,Datafordev
Datafordev/platform-samples,Datafordev
Datafordev/graphql-ruby-demo,Datafordev
Datafordev/erpnext,Datafordev
Datafordev/django-leonardo,Datafordev
Datafordev/VQA_LSTM_CNN,Datafordev
Datafordev/CoreNLP,Datafordev
Datafordev/firebase-simple-login,Datafordev
Datafordev/quickstart-js,Datafordev
Datafordev/carrierwave,Datafordev
Datafordev/swagger-ui,Datafordev
Datafordev/data-design,Datafordev
Datafordev/influxdata-docker,Datafordev
Datafordev/datafordev.github.io,Datafordev
Datafordev/dse-scrapper,Datafordev
