id,time
platform-samples,1443062117
conceptnet,1443071885
consumer-surveys,1443075000
letsencrypt,1462562460
addalicense.com,1443126689
osd-street-center-line,1443211886
https-everywhere,1443226099
python-wifitools,1402144122
BitForce_SC,1443249277
bfgminer,1443249563
cgminer,1443250185
syllabus,1443559863
kubernetes-cluster-manager,1444434560
pushserver,1443896696
kashif,1443903246
foxy,1443984177
website,1443987718
phalcon-devtools,1443992569
B2G,1443992658
website-1,1443992830
website-2,1443997014
api,1443997254
meteor-ionic,1444003552
tech.post,1444011639
techpost,1444011855
oauth.net,1444007121
kuma,1444007563
Google-Voice-PHP-API,1456623293
pontoon,1444008112
webdev-bootcamp,1444008287
blog,1446686506
kaldios,1446708839
html5-boilerplate,1446821518
frontend,1446756228
sphinx_rtd_theme,1446766209
sass-mq,1446769914
newww,1455556853
hapi,1446821170
Effeckt.css,1446822256
FetchU,1446862992
gcm-client,1446863563
Emaiby-EmailRuby,1446866306
react-devtools,1446869674
generator-thorax,1446870742
cotainerized,1465434208
react-native-webpack-starter-kit,1446872377
radioShadhin.fm,1446872974
APKRadioShadhin.fm,1446873152
Stream-AUdi,1446873360
Platform.VirtualFileSystem,1446873593
PlatformKit,1446873743
oFee,1446874379
Fickle,1446874450
IdentityServer3.Shaolinq,1446874645
RedLock.net,1446874812
MWPhotoBrowser,1446875009
techpub,1446875841
typify,1446876394
rails,1446878649
Circular,1446879128
digidesk,1448057760
wxp-starter-theme,1448159664
CANBabel,1448326782
skflow,1450497046
hatchjs,1450531725
platformS,1451450541
htaccess,1451521170
docker-ejabberd,1451574803
ajenti,1451610902
Escape-App,1451673291
django-supertools,1451680126
IBM-Ready-App-for-Travel,1452298638
atmosphere-samples,1452559241
buildbot,1453674267
ExplorerCanvas,1454553511
hiera-http,1456922899
ci.maven,1458259344
BlackCatCMS_Core,1458266984
openshift-go-cart,1458560798
docs-7,1458370670
RatticWeb,1459480767
kernel,1459524013
development,1459533073
mbot_nodebots,1459536742
automated-survey-servlets,1460496592
enki,1462731216
blog.github.io,1464826189
mit-license,1466634807
node-prelaunch,1469987440
bridge-js,1470913293
eclipse-integration-cloudfoundry,1452578695
bookbinder,1452578910
softlayer-python,1452580423
softlayer-object-storage-python,1452580429
admin-ui,1452581740
guardian-release,1452581751
etcd-release,1452581765
middleman,1452581804
digidesk,1452581810
middleman-i18n,1452581896
middleman-templates-blog,1452581907
cloudfoundry.org,1452581943
WhoisParser,1452582455
bosh-softlayer-cpi,1452582466
godep,1452582478
docs-2,1452506547
gwt,1452588101
GWTP,1452588757
virtualmin-bootstrap-theme,1457922843
digidocs.github.io,1464826282
auth,1464832139
digideskweb.github.io,1464877584
foundation-apps-template,1464869354
crabgrass-core,1465087894
AMKN,1456607817
hedgehog,1456612043
hedgehog-1,1456612876
registry,1456657609
getdns-python-bindings,1456918193
lets-encrypt-preview,1456918527
OpenWireless,1456918613
gpsbabel,1456918765
getdns,1456919448
dnscap,1456922459
dsc,1456922516
libzmq,1456922680
denominator,1456922866
hiera-http,1456922904
smaug-tbird-plugin,1456922952
Schoolforbasics.github.io,1466013320
FreeCodeCamp,1466017322
rappor,1466017591
quickstart-js,1466018612
pageliner,1466021320
ws,1466021562
inbox.js,1466025221
jekyll-build-server,1466025310
Diamond,1466025323
django-leonardo,1466046040
generator-electron,1466046328
studentinsights,1466717349
school,1464210814
course-outline,1467098873
shapeless-for-mortals,1467746707
hackathon-starter,1469194899
content-1,1469816266
megaboilerplate,1469821411
free-programming-books,1470016818
adi-website,1470022576
cauldron,1470604752
organizers,1470473041
Kakapo,1470704496
sklearn_pandas_intro,1470988184
book3-exercises,1471950532
book1-exercises,1471950876
phonegap-book,1472439056
babel-handbook,1472490957
haskell-learnings,1428957978
concourse-project,1455113289
opendata,1466929844
data-express,1466929949
js-data-angular-mocks,1466930042
webpack,1466930454
chintz-ruby,1466930980
flight,1466931098
legal-docs,1458685026
drafting-platform,1432330359
Linked-Data-Theatre,1466968185
fnordmetric,1467775697
puma,1468372521
web-animations,1468530524
ProcessWire,1468683301
silverstripe-installer,1468705189
docs,1468490122
silverstripe-framework,1468711822
platform-samples,1468712166
graphql-ruby-demo,1468714079
erpnext,1468726058
django-leonardo,1468729472
VQA_LSTM_CNN,1468855755
CoreNLP,1468856961
firebase-simple-login,1468873636
quickstart-js,1468875268
carrierwave,1468876483
swagger-ui,1469131362
data-design,1469846037
influxdata-docker,1469874210
datafordev.github.io,1470019581
dse-scrapper,1470162804
